Hospital,Avg_Billamount
"Sons and Miller",18856.280000
"Kim Inc",33643.330000
"Cook PLC",27955.100000
"Hernandez Rogers and Vang,",37909.780000
White-White,14238.320000
Nunez-Humphrey,48145.110000
"Group Middleton",19580.870000
"Powell Robinson and Valdez,",45820.460000
"Sons Rich and",50119.220000
Padilla-Walker,19784.630000
Schaefer-Porter,12576.800000
Lyons-Blair,7999.590000
"Powers Miller, and Flores",43282.280000
Rivera-Gutierrez,33207.710000
Morris-Arellano,40701.600000
Cline-Williams,12263.360000
Cervantes-Wells,24499.850000
"Torres, and Harrison Jones",17440.470000
"Houston PLC",18843.020000
"Hammond Ltd",23762.200000
"Jones LLC",42.510000
Williams-Davis,17695.910000
Clark-Mayo,5998.100000
"and Sons Smith",25250.050000
"Wilson Group",21377.020000
Garner-Bowman,19746.830000
"Brown, and Jones Weaver",26786.530000
Serrano-Dixon,18834.800000
Gardner-Miller,32643.300000
Guerrero-Boone,5767.010000
"Hart Ltd",47909.130000
Cruz-Santiago,25835.320000
"Group Duncan",17993.230000
Lopez-Phillips,21185.950000
"Poole Inc",8408.950000
"Sons and Cox",45453.420000
"LLC Martin",4397.780000
Espinoza-Stone,9380.330000
"and Garcia Morris Cunningham,",48290.690000
Walton-Meyer,32973.940000
"PLC Young",49943.280000
"Meadows Group",35633.960000
"and Howell Brooks, Rogers",25966.330000
"and Mcclure White Boone,",21784.450000
"Gates Brown, and Stuart",42684.560000
"Group Armstrong",45585.890000
"Ltd Schwartz",29615.440000
Nelson-Phillips,36992.270000
"Knight and Nguyen, Riggs",28051.500000
"Lopez PLC",16320.230000
"Fernandez and Phillips, Singh",30590.540000
Beck-Galloway,14681.020000
"Decker Glover, and Christensen",21879.530000
"Nelson Walker Myers, and",6767.630000
Mitchell-Navarro,19973.460000
"Group Delgado",14362.310000
"and Montes Graves, Thomas",10300.660000
Hall-Bentley,37951.660000
Taylor-Nguyen,6733.990000
Hunter-Grant,17839.750000
Miller-Lawson,24637.090000
Scott-Kelly,39723.170000
"Moss and Ferguson, Baker",48407.390000
"and Mason Smith Chase,",5517.390000
"Khan, and Rodriguez Fischer",19183.170000
"Sons Watson and",8320.660000
Rhodes-Carey,10107.190000
Bullock-Ramsey,49402.300000
"Clark Brown, and Myers",35776.820000
"Jackson and Lane, Dillon",20227.860000
"Turner Cook, Banks and",19328.120000
"Miles, and Weaver Hudson",46956.550000
"Evans Ltd",6794.575000
"Sons and Schaefer",45353.990000
"Sons Hodges and",8451.000000
Simpson-Mccall,29850.880000
"Lin Thompson Wells, and",42696.520000
Jones-Scott,2305.140000
Howe-Kelly,44437.470000
"and Sons Reyes",29504.390000
Shaw-Young,34617.790000
"Inc Skinner",46814.010000
Clark-Johnson,20257.540000
"Perez and Sons",22841.360000
"Kemp LLC",10283.720000
"LLC Dixon",1586.480000
"and Morales Jennings Cook,",34774.350000
"Group Hood",24870.100000
"Lindsey Inc",39476.950000
"Ltd Wang",26062.430000
"Inc Ford",25302.110000
Dean-Hawkins,10661.510000
"Walter PLC",30358.190000
"Sons Horn and",23684.530000
"Powell Ward, and Mercado",3908.950000
"James Ltd",25503.670000
Kemp-Munoz,6312.610000
Henderson-Taylor,21772.340000
"Parsons, Hartman Martinez and",30437.000000
"Luna Inc",28837.680000
"Hernandez, Ritter and Huffman",25425.730000
"Reed LLC",7187.270000
Thompson-Walker,3125.740000
"Group Nguyen",31516.100000
Newton-White,40014.760000
"Ltd Thomas",40782.930000
"Pierce Ward, Torres and",3879.080000
"Evans and Hall Schneider,",24948.480000
Stout-Brown,37734.740000
"Cruz Ltd",27360.460000
"Stewart Sons and",37405.700000
"Hall Roberts and Duarte,",31485.970000
Ramirez-Robinson,23737.400000
"Garcia, and Bishop Hernandez",3326.380000
"and Brown Oneal, Shah",23067.670000
"Group White",8521.210000
"Hughes and Erickson, Anderson",47985.170000
Lane-Kelly,25230.250000
Cox-Hester,10352.210000
"Jarvis Scott, Fleming and",6175.870000
Cline-Carpenter,23499.940000
"Johnson, and Ross Harris",33681.570000
"Kim Rosario, and Hammond",39957.940000
"PLC Jimenez",49833.710000
Cantu-Berry,48175.470000
Wright-Alexander,40133.970000
Guzman-Carlson,9585.950000
Meyer-Hill,40693.350000
Dudley-Atkinson,16399.270000
Kelly-Allen,44939.570000
"Lewis Livingston, Lowe and",10663.910000
"Rodriguez Ltd",22564.790000
"and Johnson Moore, Branch",-502.510000
"Holmes and Hughes, Phillips",34758.260000
"and Smith, Tucker Cross",46377.870000
"Sons and Lozano",7555.770000
"Russell Ltd",14299.990000
"Jones Ltd",45836.185000
Gordon-Ward,17978.950000
"Barnes and Sons",32629.070000
Levine-Miller,22356.230000
"and Marquez Silva Smith,",48995.980000
Jackson-Copeland,4532.480000
"Perez and Ochoa White,",35521.580000
"Ltd Conrad",1589.500000
Hampton-Thomas,22950.650000
Thomas-Kelley,2678.950000
Myers-Monroe,39615.600000
"and Ford Lee, Rodriguez",13355.780000
"Sons Garcia and",32561.530000
"Perry Little, and Moore",29221.340000
"Anderson Group",27767.210000
"Rodriguez and Sons",15475.400000
Thomas-Huber,27309.440000
"Robinson Inc",1897.890000
Wood-Mathews,31308.210000
"Walker and Gardner Fernandez,",42792.240000
"Smith and Johnston, Collins",14377.330000
"Sons Miller and",1150.870000
Donaldson-Frey,41939.120000
Brown-Yoder,41982.370000
"Morgan Rios and Keller,",33861.020000
Gonzalez-King,49321.160000
"Wagner Ltd",47433.280000
"and Brown White, Jones",19065.060000
James-Smith,50142.030000
"Hanson Group",12081.680000
Mcclain-Reed,18030.790000
Young-Smith,5142.160000
Hart-Brock,19851.240000
"Jones and Jones, Turner",20545.870000
Spears-Shah,36869.730000
"and Anderson Smith Sanchez,",40598.420000
"Tran, and Ferrell Garcia",18198.060000
"Ltd Walton",4920.040000
"Group Rodriguez",3864.140000
"Carr LLC",21562.860000
Rodriguez-Guerra,11815.200000
"Sullivan Mullins, Macias and",25796.870000
"Ballard PLC",4266.780000
Liu-Wilson,4751.160000
"LLC Lewis",17968.500000
"Stokes Chambers and Martin,",11311.330000
Hernandez-Green,47242.220000
"Inc Lee",17670.510000
"Wilkins Group",5714.750000
"Valentine Ltd",5985.980000
Alvarado-Deleon,27385.740000
"Alexander and Jensen Andrews,",3730.000000
"and Black, Henson Rhodes",22480.970000
"Sons and Marshall",35022.320000
Rodriguez-Franco,45072.420000
"Fritz Henderson Stanton, and",45902.710000
West-Young,28899.190000
"Ltd Solis",39003.180000
Mcneil-Blake,10348.820000
Moore-Waters,14371.540000
"Group Scott",13769.400000
"and Simmons Sons",35868.540000
Adams-Molina,35205.280000
"Guzman LLC",21576.500000
Gonzalez-Pacheco,18771.010000
"Hunt, Carlson and Cherry",21668.560000
"Ltd Barnes",36339.820000
"Gordon, Fox Lane and",40825.180000
"Petersen Ltd",40469.570000
"and Mcdonald Sons",25749.520000
"Smith, Elliott and Blackburn",15841.200000
"PLC Oliver",36086.570000
"Griffin and Lyons Rivers,",32085.230000
Craig-Garcia,12356.560000
Baker-Jones,15367.410000
Duffy-Kelly,40190.200000
Rodriguez-Becker,3872.100000
"Group Brown",3311.590000
Powers-Vincent,18524.870000
"and Ramos Brown Edwards,",30107.490000
"Johnson Group",25618.785000
"Atkins Inc",26437.770000
"Marshall LLC",49663.450000
"Ltd Cruz",27278.240000
Harrison-Parker,33170.440000
Lee-Clayton,1791.390000
"Mcdaniel and Sons",31188.040000
"Inc Lynch",13854.650000
"and Mendoza Rich Morales,",11870.910000
Proctor-Jones,25574.130000
"and Ramirez Figueroa May,",6132.400000
Michael-Jenkins,33343.900000
"Hardy Inc",43484.250000
"Turner, and Williams Mercado",7858.930000
"PLC Williams",33161.940000
Merritt-Gray,46492.860000
"Huang Travis Thomas, and",5259.270000
"Miller PLC",2784.580000
"May, Mullins and Martin",13418.220000
Moore-Robbins,36990.460000
"Ltd Howard",43567.140000
"Group Crosby",35570.080000
"Cook Ltd",6848.130000
"Rivas, Mcconnell Hill and",4677.600000
Conner-Flores,35157.170000
Suarez-Nelson,34719.170000
"and Walker Glenn, Long",23775.450000
"PLC Anderson",17732.470000
Blackwell-Gamble,3845.400000
"Wagner PLC",22401.550000
Goodman-Kelly,23340.300000
"and Boyd Powell, Sims",3042.410000
"and Conrad Boyd, Burnett",41817.680000
Ayala-Armstrong,49700.320000
"and Lambert White, Vargas",45157.470000
"Group Doyle",18832.100000
Henderson-Johnson,31732.130000
"Baker Conrad and Andrews,",42214.980000
"Perkins, Salazar and Johnson",12400.210000
Johnson-Perez,1133.590000
Powell-Werner,24340.320000
"Morales Group",39390.940000
"and Fernandez, Wilson Morrison",17012.510000
"Mayo and Sons",14493.610000
"Huffman Hall Orozco, and",32679.270000
White-Buchanan,6232.000000
"and Dixon Taylor Hunter,",22982.250000
"Anderson and Medina, Sullivan",28213.820000
"PLC Dixon",10645.570000
Bowman-Keith,35041.030000
"Tyler PLC",45980.290000
Velazquez-Patton,25163.820000
"Bass Inc",43670.380000
"Newton, Smith Ruiz and",33706.600000
Graham-Fisher,5549.790000
"Scott Ltd",49078.470000
Rosales-Sweeney,23687.990000
"Larson Andrews, and Lynch",17720.320000
"PLC York",27361.250000
Kelly-Watson,39265.650000
"Smith Gonzalez Robinson, and",32868.080000
Cook-Taylor,22032.390000
Robinson-Reyes,43165.690000
"Reid Inc",1870.610000
"Kemp and Taylor, Jones",50254.200000
Richards-Mack,23159.660000
"and Smith Harmon, Marshall",11469.390000
"Velasquez and Walker Russo,",35435.170000
"Harrington, and Owens Preston",26139.790000
"Downs PLC",21296.520000
"Zhang Long Eaton, and",8421.920000
"PLC Mills",23892.550000
"Hoffman Cox Mcdonald, and",8171.460000
"Carpenter and Sons",23457.310000
"Collins and Moore Chan,",25787.440000
"and Wood Lewis, Monroe",28525.520000
"and Keller, Ortega Miller",17182.870000
"Austin, and Reynolds Duran",20980.300000
"Lopez LLC",4243.200000
Clark-Tran,40137.790000
"Villanueva and Carter Hughes,",30676.440000
"Ltd Osborn",45594.890000
"LLC Hodge",29076.630000
"Lopez and Shepard Smith,",5223.500000
"Moss and Meadows Jones,",41840.660000
Young-Williams,26504.870000
"Bailey Morgan Frey, and",7946.130000
"Neal Price and Smith,",18689.140000
"and Johnson Hobbs Owens,",30051.980000
"Melton Inc",22913.550000
"and Weber Sons",36238.580000
"Chung Rodriguez Bradley, and",25217.460000
"White Wilson and Farmer,",41548.410000
"Group Thompson",19039.113333
"and Sons Rangel",386.050000
"Travis, and Richardson Hampton",31491.610000
"and Wilson Matthews, Faulkner",34224.350000
"Group Bailey",23673.720000
Rosales-Johnson,40302.000000
Bush-Brown,37116.160000
Saunders-Smith,38606.960000
"and Mckay, Morrow Myers",17813.930000
Sherman-Martinez,20773.020000
"Baker, Weber Patton and",9609.520000
"and Fitzgerald Shaw, Edwards",3771.240000
Kim-Higgins,51587.940000
"Morgan, Kramer Munoz and",28456.700000
"Harvey Group",33870.120000
Mercer-Rogers,2304.000000
"Duran Sons and",1878.010000
"Vaughan Parker and Wagner,",19160.990000
Lee-Jacobson,5811.630000
"Hayes Robbins and Gallagher,",22868.530000
"Evans and Byrd, Smith",48281.910000
"and Howell Sons",30562.570000
"Clements and Scott, Peters",24293.630000
Gomez-Olson,5878.780000
"and Medina Morgan, Whitehead",28410.440000
"Miller LLC",27414.020000
Jones-Aguirre,5826.240000
"PLC Gonzalez",2133.740000
"and Davies Sons",34262.610000
Soto-Richmond,44897.050000
"and Morrison Ho Woods,",22230.120000
"Lewis and Sons",32895.100000
Wood-Sandoval,5349.060000
"Ball LLC",23235.850000
"Scott LLC",25683.280000
"and Wright, Long Schroeder",45560.280000
"Ltd Crawford",16850.890000
"Group Moore",34366.000000
Burch-Marks,11968.020000
Koch-Alvarado,10076.890000
"Garcia Edwards and Daniel,",44582.820000
Carter-Camacho,30334.990000
"Malone LLC",6196.640000
"Zamora PLC",45438.910000
"Ltd Hernandez",43707.180000
"Gomez Ray, and Jones",20105.030000
"Davis, Ray and Thompson",11938.070000
Mckinney-Edwards,10836.210000
Parker-Shannon,40037.480000
"Lawrence LLC",42959.300000
"and Thompson Burke, Harrington",40196.830000
"Johnson Goodman Clark, and",39827.660000
"Doyle Hess, and Dudley",3516.850000
"Bass PLC",25414.800000
"Willis and Hunt Pope,",36230.390000
"Gray, Hensley and Hanson",22427.170000
Moore-Woods,39250.450000
Moore-Franco,5226.000000
"Hamilton and Sons",7732.670000
"Burke Group",11304.000000
"Anderson LLC",38403.580000
Sims-Jimenez,14039.890000
"Holloway PLC",6958.700000
Cain-Stone,3254.030000
"Garner Group",11855.950000
"Ltd Logan",22368.380000
"Bishop PLC",48511.650000
Lewis-Mitchell,10126.500000
"and Campbell Sons",8470.640000
"James PLC",25086.010000
Colon-Meyer,36524.380000
"and Woods Liu, Berry",5945.010000
"LLC Clayton",3601.680000
Le-Hawkins,4920.190000
"Martinez Taylor Lopez, and",48887.230000
"Williams Group",48826.390000
Schmidt-Douglas,5509.600000
"Ltd Fleming",37636.440000
"Smith Brown Wallace, and",20885.920000
"Boyer Inc",35114.490000
Miranda-Collins,6191.390000
"Hoffman and Sons",40697.970000
"Group Ortega",43465.950000
"Mitchell, Vasquez and Chaney",16866.070000
Villa-Simpson,41454.690000
"LLC Haynes",47735.380000
"Inc Cummings",2826.810000
Downs-Stephens,26524.170000
"Carson and Nielsen, Buchanan",36727.580000
Hicks-Perez,4509.400000
"Wilson and Brown, Ortiz",25709.580000
Berg-Mcconnell,20086.220000
"Gilbert Ltd",36862.170000
Gutierrez-Webster,40065.340000
Cooley-Reid,22601.570000
"and Davenport Davis Hobbs,",36204.730000
Thompson-Becker,41311.290000
"Mitchell Inc",36890.270000
"Mack, Wilson and Fowler",5716.100000
"Johnson Garcia, and Anthony",10461.980000
"and Young Powell Mitchell,",37879.980000
"Bishop Inc",44355.200000
Coleman-Dawson,28355.450000
Cunningham-King,22935.410000
"Anderson PLC",42605.640000
"Freeman King Hodges, and",24023.960000
"Sons Wilson and",20577.710000
"Woodward Ltd",7264.890000
"Powell Branch Osborn, and",29913.850000
"Brown Brown, and Sanders",43353.400000
Harris-Oconnor,18382.660000
"Paul Richardson Haynes, and",49419.870000
Patterson-Lee,9958.020000
"and Yang Fox Scott,",21438.280000
"Burch, and Sexton Sandoval",1820.020000
"Johnson and Delgado, Bennett",32760.470000
"Garza Group",35421.830000
"Olson, Andrade and Dixon",44393.180000
"Fisher Inc",16578.910000
Farrell-Lyons,33749.860000
"Greer Cain and Taylor,",3903.760000
"Turner Ltd",22720.330000
"Sherman Inc",27342.230000
"and Garcia Wade Richardson,",27971.280000
White-Graham,26894.070000
"and Miller Sons",36551.050000
"Taylor, and Mullins Lara",10693.390000
"and King, Vega Jones",28835.440000
Alvarez-Cruz,7083.610000
"Walker Cisneros and Adams,",2068.430000
"Ltd Lewis",42956.130000
Esparza-Martinez,17307.370000
"Baker Hernandez and Scott,",41492.130000
"Group Lopez",16097.760000
"and Le Martin Young,",44495.730000
"PLC Cook",2936.890000
"Baker, Davis Hill and",43374.010000
Johnson-Gray,6949.880000
"Mitchell, and Garcia Saunders",15449.060000
Dennis-Roth,37458.160000
"Mcgee Patton Aguirre, and",5919.300000
Foster-Thomas,21534.720000
"Group Mann",43393.920000
Martinez-Strickland,50332.930000
"Shaw Tapia and Barnes,",18062.600000
Morris-Campbell,30064.180000
"Anderson Morton and Vang,",45440.790000
"Olson LLC",12073.070000
"Juarez and Sons",48065.460000
"Ramos Hansen Clark, and",16342.360000
"PLC Aguirre",21767.230000
"Nelson Baldwin, Boyd and",16055.930000
"Martinez, and Moore White",30123.540000
"Barker, Costa Hahn and",38572.170000
"Anderson and Higgins Galvan,",37798.950000
Flores-Roman,38716.360000
"Miller, Moon Boyd and",13666.280000
"Inc Harmon",30753.690000
"Elliott Jones Hinton, and",44278.230000
"Sons Mckinney and",6267.540000
Carroll-Howard,26276.790000
"and Park, Garcia Lam",33171.030000
Hill-Hernandez,44984.240000
"Skinner LLC",27091.860000
"Inc Cox",32387.930000
"Perez Sons and",32905.480000
"Parker Turner, Houston and",1332.340000
Wilson-Chen,17702.570000
Boone-Duffy,33443.550000
Reid-Simmons,23175.500000
Dunn-Bentley,14224.310000
"Inc Cherry",23483.500000
Zavala-Fernandez,31326.730000
Jones-Fleming,48651.740000
Christian-Hall,18932.310000
"LLC Cabrera",22063.230000
"Hernandez and Delacruz, Kramer",20714.710000
Cervantes-Herrera,34510.880000
Garrison-Mcfarland,42200.510000
Warren-Brown,24451.290000
"Ruiz Group",30289.700000
Anderson-Brown,35317.490000
"Hull Sons and",8033.610000
"Oliver Mcdonald, and Johnson",7391.530000
Lara-Allen,35945.880000
"Group Summers",10780.740000
"Phillips Medina, Rivera and",28743.000000
"LLC Flores",47270.250000
"Inc Pace",37846.350000
Garcia-Robinson,46502.770000
Snow-Day,27660.290000
"Inc Rangel",36686.660000
Irwin-Kaufman,19563.200000
"Brown and Colon, Anderson",23523.600000
"and Peterson, Rodriguez Murphy",50563.800000
"and Frederick, Jones Garcia",15518.460000
"and Fuentes Rogers Gill,",42150.700000
"Group Schneider",24788.185000
Sandoval-Bennett,3925.930000
"Young Ltd",12605.750000
Lopez-Brooks,7421.180000
"Leblanc Conway, Holt and",24561.740000
"Ltd Roberts",32854.150000
"and Carter Sons",18828.760000
"Moore and Rhodes Lang,",34381.690000
"Poole LLC",31501.720000
Hansen-Torres,12098.030000
Park-Douglas,39547.380000
"Ruiz, Scott Mitchell and",6486.240000
"and Rodriguez Gallegos Henry,",46657.690000
"Ltd Miller",31709.470000
"Turner Bradford and Allison,",9894.810000
"Goodwin Ltd",29995.430000
Carrillo-Price,7796.260000
"and Sons Lee",48965.180000
Rogers-Robles,16128.250000
"Massey Inc",16920.160000
Arias-Galvan,49861.870000
Scott-Moore,36287.390000
Jarvis-Roberts,48035.370000
"Clay LLC",22030.690000
"Quinn, Bentley and Allen",45665.850000
"Williams PLC",4415.750000
Meyers-Moore,41122.290000
Blair-Bell,28401.560000
Lester-Fletcher,28228.690000
"Rodriguez LLC",2106.390000
"LLC Baldwin",47398.590000
"Riley PLC",47454.590000
Snyder-Perry,22257.610000
Perez-Carlson,30324.070000
"Richardson Mccormick, Cruz and",10053.920000
Underwood-Mcguire,9823.300000
"Galvan, Lopez Salazar and",17862.690000
Fisher-Perez,17855.800000
"Maldonado Anderson and Adkins,",40178.460000
"Ruiz PLC",24690.220000
"Ltd Watts",21862.060000
"and Martinez Sons",16786.795000
Harrington-Marshall,6539.760000
"Robbins Inc",20453.320000
"and Conway George, Huff",6827.700000
Rodriguez-Arnold,15364.480000
"and Sullivan, Mcclure Shields",6664.220000
"Charles LLC",7235.190000
Morgan-Young,20336.490000
"Garcia and Nguyen, Leonard",38668.690000
"PLC Fox",41222.010000
"Bell Preston Washington, and",38520.010000
"LLC Hernandez",37441.310000
"Steele PLC",26044.250000
"and Sims, Gonzalez Huff",7902.420000
Allen-Perez,46245.580000
"and Alexander Crawford Graham,",40448.970000
Taylor-Wilson,20914.950000
"PLC Sutton",46682.450000
"and Sons Sanders",10965.700000
"Gentry and Sons",27507.040000
Haynes-Silva,12678.100000
"Marshall, and Koch Harper",38395.530000
Duffy-Jackson,28510.810000
Brown-Diaz,43400.670000
Mcdaniel-Castaneda,46890.430000
"Lyons LLC",48491.640000
"PLC French",13643.730000
"LLC Coleman",5415.280000
Tucker-Warren,44008.050000
Wang-Hill,43866.660000
"White West Herman, and",13550.120000
"Inc Newton",34963.640000
Huerta-Sanchez,48890.450000
Snyder-Parrish,17159.580000
"Inc Bryant",7192.630000
"Williams Inc",44982.850000
"Smith White, and Ryan",16004.470000
"Williams Dillon White, and",7320.040000
Vargas-Cohen,28329.820000
"Gardner Group",24130.520000
Garcia-Blake,22361.150000
Castaneda-Tran,19650.000000
Kim-Ibarra,30986.930000
Boyer-Burgess,45987.160000
"Cross Ltd",11086.730000
"Patel Payne, and Young",28483.880000
"Group Santana",37905.960000
"Sons and Cook",27878.850000
Martin-Rice,13900.050000
"Ortiz, and Rios Price",30575.760000
Barnes-Williams,11941.630000
Hardy-Gutierrez,7422.730000
"Cole LLC",34005.550000
White-Rowe,48574.830000
"Rodriguez Harris, Willis and",45010.800000
"Santana Garcia, Alexander and",7409.340000
Collins-Lozano,34968.080000
Brown-Clark,5648.180000
"Mcmahon and Kim, Holmes",14227.320000
Gomez-Smith,47551.570000
"Hall Lee Bailey, and",42301.910000
"Brennan Bentley, and Hunter",2275.640000
"Mullins, Gray and Reed",10003.670000
"Walsh, Howell and Jennings",10722.500000
Haney-Marshall,47516.520000
"Rich and Roach, King",41379.380000
"Johnson, and Petty Rubio",27481.330000
"Morse, Hudson Williams and",32006.030000
"Kane, and Dickson Schwartz",14405.940000
"Inc Mccullough",24691.250000
Taylor-Wong,47491.390000
Avery-Roy,37861.510000
"LLC Anderson",22952.730000
Castaneda-Young,2735.030000
"and Thomas Strong, Cook",37755.480000
Wells-Price,2691.050000
"Rios Ltd",7897.290000
Vincent-Hill,4446.340000
"Brooks LLC",20852.150000
"Group Carpenter",47701.480000
Mcdaniel-Walsh,49934.140000
Ross-Jones,17263.950000
"Mathews, Smith and Moss",45274.400000
"and Lawrence, Williams Thomas",10057.920000
"Wilkerson Group",36369.090000
Villanueva-Garcia,3548.050000
Duffy-Bowman,10011.290000
Tyler-Velasquez,14876.330000
"James Inc",30294.650000
Montgomery-Jones,45888.700000
Montgomery-Anthony,31958.400000
Davis-Padilla,22645.790000
Ellison-Hayden,21297.410000
Long-Lee,26432.160000
"Graves LLC",6336.710000
"and Sons Dixon",31063.560000
"Clark, Garza Tate and",10710.330000
"Bates Inc",25066.520000
"LLC Sanford",13396.900000
"and Harper Sons",29822.100000
"Young Mcclain, Newman and",12025.350000
"Ray, Cain and Miller",33708.860000
Zamora-Rivers,40825.080000
"and Perez Smith, Kim",27345.460000
Johnson-Wilson,38751.800000
Delacruz-Chavez,6252.080000
"and Gonzalez, Warren Moore",18714.340000
Ramirez-Humphrey,14291.700000
"and Sons Ford",38210.960000
"and Wells, Thomas Kline",7074.790000
Wood-Herring,35419.510000
"Wilkerson LLC",3852.950000
Brown-Henry,48747.550000
Sheppard-Livingston,40577.600000
"Golden PLC",16648.550000
"and Perez, Bennett Townsend",38588.970000
"Johnson, and Benson Harris",32990.190000
Anderson-Estrada,20115.760000
"and Sons Carlson",5947.690000
"Gonzalez Inc",28281.350000
Schaefer-Hoffman,30873.620000
"and Vargas Reynolds Evans,",32429.620000
"Cantu and Tanner Rojas,",5588.990000
"Thornton, Adams Mccarty and",31497.550000
Cantrell-Griffith,14283.020000
"Martin Group",15422.040000
"and Sons Nelson",40309.280000
Ramirez-Hill,45916.320000
Jackson-Butler,41632.520000
Miller-Avila,7437.420000
Reyes-Crawford,38860.020000
Marshall-Smith,6662.240000
"Nelson PLC",13074.220000
Perez-Mitchell,10443.210000
"Gross, Thompson Smith and",20227.040000
"Burch, Moore and Thompson",38779.210000
"Hamilton Group",4561.660000
"Shaw LLC",1656.550000
"and Day, Lewis Coleman",28463.860000
Stone-Perez,5268.690000
"Ltd Foley",24011.700000
Ward-Mayer,18467.080000
"Group Anderson",11921.660000
"Garcia, and Marshall Maxwell",16725.980000
"Inc Martinez",39700.820000
"Mcmahon Ortiz, Owens and",2568.010000
Williams-Saunders,15242.390000
"Spencer Ltd",31054.050000
Mathis-Schwartz,49118.590000
Romero-Ramsey,3235.580000
"Avery and Sons",26052.020000
"Ltd Richardson",11095.400000
"and Sons Williams",10725.830000
Carter-Reyes,30038.280000
"LLC Gray",49446.460000
"Miller Massey Lopez, and",5315.710000
"Taylor Walsh Hawkins, and",13928.280000
"LLC Brown",2744.410000
Nelson-Wong,27512.910000
"LLC Berry",35854.090000
Anderson-Jenkins,2784.020000
"Wells and Sons",2547.910000
"Allen, Williams and Phillips",29992.540000
Gonzalez-Cummings,4018.020000
"and Richardson Webster Smith,",20508.590000
Hudson-Flores,25648.040000
"Inc Rios",19691.420000
"PLC Thompson",10311.940000
"Rosario Wells, Roberts and",17733.950000
Ramirez-Taylor,10521.470000
Murphy-Mason,29910.910000
"Edwards Johnson, and Burgess",26612.010000
"LLC Spears",25858.440000
Perez-Smith,17246.180000
"and Sons Mcbride",43117.660000
"Sons and Chapman",3718.550000
Cole-Davila,18788.140000
"Pearson, and Lynch Oconnor",39089.870000
Rivera-Peck,47594.470000
Hess-White,19261.510000
"Fox and Moreno Williams,",6578.030000
Johnson-Estrada,38435.450000
Rivera-Mosley,29810.050000
"Diaz Smith Johnson, and",4808.820000
Harris-Ingram,38365.870000
"and Esparza Sons",45540.100000
"Hunt Sons and",31444.090000
"Foster Lamb, Graham and",8024.410000
"Sanchez LLC",13034.080000
Fox-Anthony,37903.290000
"Fuentes Knight, Sandoval and",45913.170000
Hudson-Williams,30468.260000
"Lowery, Dunn Anderson and",50202.210000
Mullen-Hernandez,2104.380000
"Herman, Liu and Hill",43206.220000
"Davis White, Flores and",10622.280000
Williams-Jones,10659.610000
"Inc Holloway",10919.110000
"Phillips Jones and Wu,",8407.490000
"Wilson and Lopez, Molina",32926.230000
Jones-Garrett,48004.970000
"and Brown, James Green",28452.780000
"Meadows and Nelson, Owen",20651.610000
"Sons and Gallegos",31822.730000
"Davis Group",21856.740000
"Herrera Group",45326.910000
Juarez-Weiss,25152.290000
Dawson-Jones,37544.800000
"Hickman Group",35487.510000
Herman-Ewing,2076.330000
"Gutierrez Inc",35312.300000
Hurley-Gill,13869.790000
"Dillon PLC",36107.400000
"Murphy, and Garcia Jones",41208.170000
Ramsey-Thomas,14292.070000
"Miller and Sons",17722.960000
"Chung Herrera, and Pollard",21125.320000
"and Hernandez Waters, Cruz",5164.550000
"Schmidt Sons and",2162.610000
"and Carroll Orr Kelly,",2675.230000
"Smith and Rose Rivera,",44918.320000
Odonnell-Watts,6327.800000
"Inc Roberts",29526.320000
"LLC Chaney",38989.530000
"Hutchinson, Wilson Daniel and",33395.100000
Davis-Martin,20258.780000
"and Thompson Cook Wiggins,",43050.830000
"Baldwin PLC",37284.050000
Heath-Brown,42434.780000
"Mendez, and Smith Munoz",38570.130000
"Inc Daugherty",22108.970000
"Gonzalez LLC",40783.150000
Hunter-Hughes,28296.180000
"and Woods, Rodriguez Williams",46950.580000
Lowery-Howard,41548.150000
Colon-Leon,43277.560000
Boyle-Woods,41248.130000
"and Graham Morris, Gonzales",6162.350000
Tucker-Moyer,45208.340000
"Sons and Stephenson",36324.520000
"Hernandez PLC",46084.670000
"Dougherty Group",-1018.250000
"Morgan Zimmerman, Matthews and",6657.350000
Jimenez-Huff,39357.460000
Stevenson-Chen,23154.640000
Parker-White,6653.590000
"Vang Schneider and Torres,",15327.740000
Booth-Williams,31457.800000
Gray-Black,21875.080000
Johnson-Garcia,49635.310000
"Phelps Group",41413.810000
"Harrison and Erickson, Barnett",16352.590000
"Fischer Ltd",1805.520000
Rhodes-Kelly,38363.260000
"Tate Pierce and Jackson,",32746.560000
"Inc Daniel",36649.320000
"and Roberson Lee Young,",3288.130000
Giles-Miller,32993.490000
"Martinez, and Snyder Hill",3338.220000
Barber-Page,21401.520000
"and Hess Delgado Foster,",35828.320000
Johnson-Holland,14171.990000
"and Gonzales Dunn, Camacho",30283.170000
"Rodriguez Diaz Daugherty, and",31419.120000
Rowland-Abbott,23734.850000
"Murphy, Reid Knox and",45417.640000
Ryan-Mcneil,12822.780000
"Ramos Miller and Moore,",25856.220000
"Sons Cherry and",10443.680000
"Cook LLC",40606.460000
"Phillips Ltd",32535.450000
"Oliver Griffin Johnson, and",34557.290000
"Gregory Group",35116.710000
"and Camacho Thomas Malone,",28270.300000
"LLC Smith",47734.990000
"Cunningham Andrade and Butler,",19176.260000
Curtis-Lin,8731.480000
"Ltd Smith",19249.690000
"Inc Sanchez",22758.640000
"Rice, Cooper Rivera and",20929.070000
"Garcia LLC",3899.860000
"Bell Ltd",19698.000000
"Hogan, Young Holmes and",34060.270000
Vazquez-Sanchez,40367.630000
"Mcintyre Ltd",3638.250000
"White Roberts and Lee,",46134.930000
"Simpson Espinoza, and Thompson",14549.490000
"and Moore Sons",30549.650000
"and Mclaughlin Powers Stevens,",13666.180000
"and Anderson, Porter Becker",45199.270000
Bailey-Hunt,20514.400000
"King and Bryant Olsen,",47700.540000
"Watson Johnson Joseph, and",2462.210000
"Group Evans",31401.500000
"Collins Porter and Rodgers,",20749.860000
"and Goodwin, Hernandez Andrade",47297.420000
"Solomon PLC",26223.170000
"Flores Sons and",35821.650000
"Lowe LLC",21633.330000
"Lopez Keller, Williams and",39448.890000
Brown-Wood,8867.750000
Martinez-Davis,5571.240000
Alexander-Oconnor,13014.330000
Carlson-Stone,27828.940000
"George Ward, and Clark",36931.480000
Nicholson-Johnson,41307.900000
"PLC Carr",36632.320000
Alexander-Middleton,17658.470000
Horton-Martinez,10034.720000
"PLC Obrien",28974.460000
Ramos-Holt,4697.230000
"Jensen and Jackson, Greene",41150.190000
Mathews-Lawrence,30324.450000
"Morales, Johnson and Carlson",33646.110000
"Wilson, Ward Taylor and",46717.950000
Torres-Johnson,49997.330000
"Inc Mcbride",38397.020000
"and Dunlap, Wright Mays",10135.870000
Sullivan-Crosby,25685.630000
"and Shaw, Davis Pollard",6007.690000
"Williams LLC",7609.440000
"Franklin Ltd",46287.050000
Galloway-Barnett,19204.920000
"Miller Olson, and Collins",45019.030000
"Wheeler and Miller Burch,",44581.150000
Mercer-Booker,8726.700000
"and Burke Skinner Myers,",41966.570000
"and Parker, Stout Chase",44255.330000
"Fernandez Harris, and Wilson",43644.340000
Young-Myers,45304.390000
"Johnson PLC",18891.920000
"Barber Waters Castillo, and",18381.580000
Jarvis-Craig,42316.120000
Schneider-Patton,15072.570000
"Kane Porter and Robinson,",7380.730000
"Archer Inc",5936.360000
Castaneda-Powell,7704.300000
"King, Williams and Terry",12099.790000
"Henry PLC",17202.900000
"and Carpenter, Hernandez Chang",25275.940000
Santiago-Bush,17002.300000
"Williams Hale and Summers,",4794.750000
"Ltd Carroll",7241.200000
"Stevenson, Harding and Woods",45218.740000
"Munoz Ltd",32052.060000
"Kidd Romero, and Douglas",51441.730000
"and Cordova Sons",1821.350000
Garcia-Clark,23857.500000
"Robinson Group",4795.510000
"Hayes Ryan, and Martinez",25500.710000
"Glover and Oneill Miller,",10837.610000
"Diaz Inc",46836.710000
Martin-Nguyen,11426.010000
"Roberts Inc",20590.520000
"Riley, Grimes Ruiz and",28100.090000
"Ltd Rogers",33188.930000
"Gomez Inc",47130.030000
"PLC Mack",20361.870000
Castro-Gomez,11229.760000
"Chan, Goodman and Gould",6969.090000
"Russell and Randolph, Lawrence",31405.580000
Evans-Gonzalez,22976.910000
"Miller Sons and",32136.510000
Watts-Schneider,39313.890000
"Harrell Inc",5624.290000
"Reed Valdez and Pratt,",5823.050000
"Ali Group",11628.620000
Conner-Nelson,8104.670000
"and Miller Prince Rodriguez,",12093.090000
"Parker Davis Clark, and",29465.820000
Mills-Petersen,22545.930000
"Smith Anderson and Hunt,",2641.020000
Kennedy-Smith,16527.260000
"and Moore, Ballard Johnson",13624.830000
"Williams Reynolds and Rangel,",39570.070000
"Shelton Johnson, and Green",13256.410000
"Lopez, and Howard Morrison",32633.200000
"Sons and Cortez",19720.040000
"Roberts Ltd",46421.260000
Sellers-Shepard,10767.380000
"Lloyd Scott, and Reese",47656.520000
Gibson-Osborne,46186.160000
Matthews-Morgan,44148.540000
"Scott and Sons",12447.270000
Diaz-Richards,43298.430000
"LLC Johnson",33379.550000
"Murphy Group",37553.160000
"Barajas and Byrd, Wolf",44931.130000
"Salazar Newman White, and",44595.970000
Hancock-Lewis,10243.970000
Barrett-Wright,8762.500000
Hahn-Wilson,10363.670000
"Ramirez and Nelson, Collins",22827.810000
Sosa-Jackson,22913.350000
Dillon-Richard,33800.910000
"Stokes and Sons",23713.920000
"Inc Nguyen",41794.360000
Gallagher-Hernandez,40304.380000
"Johnson David Carpenter, and",43825.060000
"and Montes Marshall Valdez,",16509.890000
"PLC Kelly",46268.730000
Wilson-Sherman,36272.750000
"Peterson Group",5614.520000
Hall-Taylor,21429.670000
"Rios PLC",24057.470000
"Lutz, Lester and Kelly",22775.470000
"Scott, Moore and Brewer",30953.780000
"Sullivan Henderson Lloyd, and",12101.130000
"and Rhodes Trujillo, Booth",1478.180000
Bailey-White,37197.860000
"Bridges Inc",5407.730000
"Jackson Carr, Garcia and",6035.460000
Richardson-Griffin,5778.250000
Allen-Campbell,46602.690000
Ferguson-Liu,47789.830000
"Lee Ltd",46608.390000
Baldwin-Marshall,8709.040000
"Norman PLC",18271.000000
Boyd-Fisher,17679.030000
"Inc Davis",21965.150000
"Perry Inc",27309.710000
"and Brown Larson Moyer,",4437.960000
Soto-Boyle,15704.090000
Jones-Ellis,16528.800000
"Jenkins, Mathews and Ho",3621.160000
"Villa Inc",47863.020000
"Castro PLC",46772.580000
Ortiz-Martin,18479.740000
